<?xml version="1.0" encoding="utf-8" standalone="yes"?>
<rss version="2.0" xmlns:atom="http://www.w3.org/2005/Atom">
  <channel>
    <title>Categories on drakorindo</title>
    <link>https://divags.com/categories/</link>
    <description>Recent content in Categories on drakorindo</description>
    <generator>Hugo -- gohugo.io</generator>
    <language>id</language>
    <lastBuildDate>Fri, 12 Mar 2021 13:19:18 +0000</lastBuildDate><atom:link href="https://divags.com/categories/index.xml" rel="self" type="application/rss+xml" />
    <item>
      <title>Drakor</title>
      <link>https://divags.com/categories/drakor/</link>
      <pubDate>Fri, 12 Mar 2021 13:19:18 +0000</pubDate>
      
      <guid>https://divags.com/categories/drakor/</guid>
      <description></description>
    </item>
    
  </channel>
</rss>
