<?xml version="1.0" encoding="utf-8" standalone="yes"?>
<rss version="2.0" xmlns:atom="http://www.w3.org/2005/Atom">
  <channel>
    <title>Tags on drakorindo</title>
    <link>https://divags.com/tags/</link>
    <description>Recent content in Tags on drakorindo</description>
    <generator>Hugo -- gohugo.io</generator>
    <language>id</language>
    <lastBuildDate>Fri, 12 Mar 2021 13:19:18 +0000</lastBuildDate><atom:link href="https://divags.com/tags/index.xml" rel="self" type="application/rss+xml" />
    <item>
      <title>Drakor</title>
      <link>https://divags.com/tags/drakor/</link>
      <pubDate>Fri, 12 Mar 2021 13:19:18 +0000</pubDate>
      
      <guid>https://divags.com/tags/drakor/</guid>
      <description></description>
    </item>
    
    <item>
      <title>Drakor Indonesia</title>
      <link>https://divags.com/tags/drakor-indonesia/</link>
      <pubDate>Fri, 12 Mar 2021 13:19:18 +0000</pubDate>
      
      <guid>https://divags.com/tags/drakor-indonesia/</guid>
      <description></description>
    </item>
    
    <item>
      <title>Film Korea</title>
      <link>https://divags.com/tags/film-korea/</link>
      <pubDate>Fri, 12 Mar 2021 13:19:18 +0000</pubDate>
      
      <guid>https://divags.com/tags/film-korea/</guid>
      <description></description>
    </item>
    
    <item>
      <title>Korea Sub Indo</title>
      <link>https://divags.com/tags/korea-sub-indo/</link>
      <pubDate>Fri, 12 Mar 2021 13:19:18 +0000</pubDate>
      
      <guid>https://divags.com/tags/korea-sub-indo/</guid>
      <description></description>
    </item>
    
  </channel>
</rss>
